2023-08-14T08:10:39.134273+0000,58,User 1,user1
2023-08-14T21:42:19.690234+0000,69,User 2,user2
2023-08-14T23:45:46.236131+0000,24,User 3,user3
2023-08-14T14:30:08.234118+0000,76,User 4,user4
2023-08-14T13:31:35.727767+0000,74,User 5,user5
2023-08-14T23:57:15.742342+0000,81,User 6,user6
2023-08-14T08:51:57.010921+0000,47,User 7,user7
2023-08-14T22:24:27.538944+0000,79,User 8,user8
2023-08-14T14:44:36.554374+0000,60,User 9,user9
2023-08-14T15:35:07.063870+0000,16,User 10,user10
2023-08-14T21:28:32.371677+0000,85,User 1,user1
2023-08-14T03:45:39.686478+0000,6,User 2,user2
2023-08-14T05:57:29.623355+0000,90,User 3,user3
2023-08-14T11:07:07.167430+0000,73,User 4,user4
2023-08-14T22:10:32.714747+0000,37,User 5,user5
2023-08-14T06:08:50.812430+0000,83,User 6,user6
2023-08-14T08:55:53.924730+0000,67,User 7,user7
2023-08-14T23:58:18.751451+0000,56,User 8,user8
2023-08-14T04:59:24.128222+0000,73,User 9,user9
2023-08-14T17:55:04.162675+0000,14,User 10,user10
2023-08-13T01:07:09.289705+0000,90,User 1,user1
2023-08-13T12:33:23.283861+0000,21,User 2,user2
2023-08-13T15:45:49.846064+0000,54,User 3,user3
2023-08-13T02:35:08.345078+0000,47,User 4,user4
2023-08-13T13:39:02.907142+0000,75,User 5,user5
2023-08-13T16:44:53.861761+0000,56,User 6,user6
2023-08-13T00:02:38.252517+0000,83,User 7,user7
2023-08-13T23:45:44.504068+0000,86,User 8,user8
2023-08-13T05:23:44.660695+0000,44,User 9,user9
2023-08-13T21:00:59.629479+0000,19,User 10,user10
2023-08-13T01:11:32.750404+0000,37,User 1,user1
2023-08-13T05:58:11.305561+0000,32,User 2,user2
2023-08-13T06:17:22.744726+0000,38,User 3,user3
2023-08-13T10:23:30.179249+0000,27,User 4,user4
2023-08-13T02:17:05.703617+0000,3,User 5,user5
2023-08-13T04:37:23.136096+0000,63,User 6,user6
2023-08-13T01:49:46.331044+0000,73,User 7,user7
2023-08-13T17:41:32.152028+0000,91,User 8,user8
2023-08-13T00:39:27.162523+0000,52,User 9,user9
2023-08-13T01:27:31.174778+0000,87,User 10,user10
2023-08-14T21:24:12.029947+0000,33,User 1,user1
2023-08-14T14:44:05.421697+0000,65,User 2,user2
2023-08-14T23:04:53.011594+0000,29,User 3,user3
2023-08-14T13:13:56.222209+0000,47,User 4,user4
2023-08-14T17:53:03.146378+0000,33,User 5,user5
2023-08-14T02:36:58.982783+0000,64,User 6,user6
2023-08-14T20:34:11.388098+0000,94,User 7,user7
2023-08-14T23:50:21.389991+0000,72,User 8,user8
2023-08-14T12:20:09.769090+0000,54,User 9,user9
2023-08-14T00:42:13.105925+0000,52,User 10,user10
2023-08-14T01:09:25.189365+0000,7,User 1,user1
2023-08-14T11:26:34.366308+0000,33,User 2,user2
2023-08-14T13:20:41.430786+0000,53,User 3,user3
2023-08-14T22:13:23.307806+0000,79,User 4,user4
2023-08-14T10:13:27.738799+0000,19,User 5,user5
2023-08-15T02:51:32.641933+0000,1,User 6,user6
2023-08-14T07:53:16.617906+0000,7,User 7,user7
2023-08-14T15:51:10.978064+0000,41,User 8,user8
2023-08-14T10:38:54.208751+0000,8,User 9,user9
2023-08-14T01:10:23.141109+0000,68,User 10,user10
